Workbook

Sheet วิธีใช้
A1: แจ่มใส Battle — ผลการตอบรายบุคคล (ร่าง)
A3: ที่มาของข้อมูล
A4: ระบบเว็บส่งข้อมูลเข้าแท็บ Answers, Daily และ People (คอลัมน์ A–C) ทุกคืนผ่าน Cloud Scheduler · ห้ามแก้ข้อมูลในแท็บเหล่านี้ด้วยมือ
A5: แท็บอื่นคำนวณด้วยสูตรจากแท็บข้างบนทั้งหมด
A6: แถวพื้นเหลืองอ่อนเป็นข้อมูลตัวอย่าง (ชื่อสมมุติ) ระบบจะล้างออกก่อนส่งข้อมูลจริงครั้งแรก
A8: แท็บ
A9: รายบุคคล — เลือกชื่อในช่องสีฟ้า แล้วดูคะแนน แรงค์ ผลรายบท รายระดับ ประวัติรายวัน และข้อที่ยังไม่ผ่าน
A10: People — สรุปทุกคน 1 แถวต่อคน (คะแนน แรงค์ วันที่เล่น % ถูก ผิด→ถูก ผิดซ้ำ ถูก→ผิด)
A11: ภาพรวม — คะแนนทีม % คนเล่น ผลรายบท
A12: รายข้อ — % ตอบผิดของแต่ละคำถาม ติดธงข้อที่ผิดเกินเกณฑ์
A13: Daily — 1 แถวต่อคนต่อวัน (ควิซ เกม ตัวคูณ โบนัส รวมวัน)
A14: Answers — 1 แถวต่อคำตอบ 1 ข้อ
... A22: ฟ้าอ่อน = ช่องให้เลือกหรือกรอก · เหลือง = หัวตาราง · เหลืองอ่อน = ข้อมูลตัวอย่าง

Sheet รายบุคคล
A1: วิเคราะห์รายบุคคล
A3: เลือกชื่อ | B3: สมชาย ใจดี
A5: user_id | B5: =INDEX(People!$A$2:$A,MATCH($B$3,People!$B$2:$B,0)) | D5: ผลรายบท
A6: ทีม | B6: =INDEX(People!$C$2:$C,MATCH($B$3,People!$B$2:$B,0)) | D6: เล่ม | E6: บท | F6: ตอบ | G6: ถูก | H6: % ถูก
A7: คะแนนรวม | B7: =INDEX(People!$D$2:$D,MATCH($B$3,People!$B$2:$B,0)) | D7: 1 | E7: 1 | F7: =COUNTIFS(Answers!$D$2:$D,$B$5,Answers!$I$2:$I,$D7,Answers!$J$2:$J,$E7) | G7: =COUNTIFS(Answers!$D$2:$D,$B$5,Answers!$I$2:$I,$D7,Answers!$J$2:$J,$E7,Answers!$O$2:$O,TRUE) | H7: =IF($F7=0,"",$G7/$F7)
A8: แรงค์ | B8: =INDEX(People!$E$2:$E,MATCH($B$3,People!$B$2:$B,0)) | D8: 1 | E8: 2 | F8: =COUNTIFS(Answers!$D$2:$D,$B$5,Answers!$I$2:$I,$D8,Answers!$J$2:$J,$E8) | G8: =COUNTIFS(Answers!$D$2:$D,$B$5,Answers!$I$2:$I,$D8,Answers!$J$2:$J,$E8,Answers!$O$2:$O,TRUE) | H8: =IF($F8=0,"",$G8/$F8)
A9: วันที่เล่น | B9: =INDEX(People!$F$2:$F,MATCH($B$3,People!$B$2:$B,0)) | D9: 1 | E9: 3 | F9: =COUNTIFS(Answers!$D$2:$D,$B$5,Answers!$I$2:$I,$D9,Answers!$J$2:$J,$E9) | G9: =COUNTIFS(Answers!$D$2:$D,$B$5,Answers!$I$2:$I,$D9,Answers!$J$2:$J,$E9,Answers!$O$2:$O,TRUE) | H9: =IF($F9=0,"",$G9/$F9)
A10: % ตอบถูก | B10: =INDEX(People!$I$2:$I,MATCH($B$3,People!$B$2:$B,0)) | D10: 1 | E10: 4 | F10: =COUNTIFS(Answers!$D$2:$D,$B$5,Answers!$I$2:$I,$D10,Answers!$J$2:$J,$E10) | G10: =COUNTIFS(Answers!$D$2:$D,$B$5,Answers!$I$2:$I,$D10,Answers!$J$2:$J,$E10,Answers!$O$2:$O,TRUE) | H10: =IF($F10=0,"",$G10/$F10)
A11: ถูกเฉลี่ย/วัน | B11: =INDEX(People!$J$2:$J,MATCH($B$3,People!$B$2:$B,0)) | D11: 1 | E11: 5 | F11: =COUNTIFS(Answers!$D$2:$D,$B$5,Answers!$I$2:$I,$D11,Answers!$J$2:$J,$E11) | G11: =COUNTIFS(Answers!$D$2:$D,$B$5,Answers!$I$2:$I,$D11,Answers!$J$2:$J,$E11,Answers!$O$2:$O,TRUE) | H11: =IF($F11=0,"",$G11/$F11)
A12: ได้เล่นเกม (วัน) | B12: =INDEX(People!$K$2:$K,MATCH($B$3,People!$B$2:$B,0)) | D12: 2 | E12: 1 | F12: =COUNTIFS(Answers!$D$2:$D,$B$5,Answers!$I$2:$I,$D12,Answers!$J$2:$J,$E12) | G12: =COUNTIFS(Answers!$D$2:$D,$B$5,Answers!$I$2:$I,$D12,Answers!$J$2:$J,$E12,Answers!$O$2:$O,TRUE) | H12: =IF($F12=0,"",$G12/$F12)
A13: ผิด→ถูก | B13: =INDEX(People!$L$2:$L,MATCH($B$3,People!$B$2:$B,0)) | D13: 2 | E13: 2 | F13: =COUNTIFS(Answers!$D$2:$D,$B$5,Answers!$I$2:$I,$D13,Answers!$J$2:$J,$E13) | G13: =COUNTIFS(Answers!$D$2:$D,$B$5,Answers!$I$2:$I,$D13,Answers!$J$2:$J,$E13,Answers!$O$2:$O,TRUE) | H13: =IF($F13=0,"",$G13/$F13)
A14: ผิดซ้ำ | B14: =INDEX(People!$M$2:$M,MATCH($B$3,People!$B$2:$B,0)) | D14: 2 | E14: 3 | F14: =COUNTIFS(Answers!$D$2:$D,$B$5,Answers!$I$2:$I,$D14,Answers!$J$2:$J,$E14) | G14: =COUNTIFS(Answers!$D$2:$D,$B$5,Answers!$I$2:$I,$D14,Answers!$J$2:$J,$E14,Answers!$O$2:$O,TRUE) | H14: =IF($F14=0,"",$G14/$F14)
A15: ถูก→ผิด | B15: =INDEX(People!$N$2:$N,MATCH($B$3,People!$B$2:$B,0)) | D15: 2 | E15: 4 | F15: =COUNTIFS(Answers!$D$2:$D,$B$5,Answers!$I$2:$I,$D15,Answers!$J$2:$J,$E15) | G15: =COUNTIFS(Answers!$D$2:$D,$B$5,Answers!$I$2:$I,$D15,Answers!$J$2:$J,$E15,Answers!$O$2:$O,TRUE) | H15: =IF($F15=0,"",$G15/$F15)
A16: เล่นล่าสุด | B16: =INDEX(People!$O$2:$O,MATCH($B$3,People!$B$2:$B,0)) | D16: 2 | E16: 5 | F16: =COUNTIFS(Answers!$D$2:$D,$B$5,Answers!$I$2:$I,$D16,Answers!$J$2:$J,$E16) | G16: =COUNTIFS(Answers!$D$2:$D,$B$5,Answers!$I$2:$I,$D16,Answers!$J$2:$J,$E16,Answers!$O$2:$O,TRUE) | H16: =IF($F16=0,"",$G16/$F16)
A19: ผลรายระดับ
A20: ระดับ | B20: ตอบ | C20: ถูก | D20: % ถูก
A21: ง่าย | B21: =COUNTIFS(Answers!$D$2:$D,$B$5,Answers!$K$2:$K,$A21) | C21: =COUNTIFS(Answers!$D$2:$D,$B$5,Answers!$K$2:$K,$A21,Answers!$O$2:$O,TRUE) | D21: =IF($B21=0,"",$C21/$B21)
A22: กลาง | B22: =COUNTIFS(Answers!$D$2:$D,$B$5,Answers!$K$2:$K,$A22) | C22: =COUNTIFS(Answers!$D$2:$D,$B$5,Answers!$K$2:$K,$A22,Answers!$O$2:$O,TRUE) | D22: =IF($B22=0,"",$C22/$B22)
A23: ยาก | B23: =COUNTIFS(Answers!$D$2:$D,$B$5,Answers!$K$2:$K,$A23) | C23: =COUNTIFS(Answers!$D$2:$D,$B$5,Answers!$K$2:$K,$A23,Answers!$O$2:$O,TRUE) | D23: =IF($B23=0,"",$C23/$B23)
A26: ประวัติรายวัน | G26: ข้อที่ตอบไม่ถูก
A27: วันที่ | B27: ควิซถูก | C27: เกม | D27: คะแนนเกม | E27: รวมวัน | G27: รหัสคำถาม | H27: รูปแบบ
A28: =IFERROR(FILTER(Daily!$A$2:$A,Daily!$C$2:$C=$B$5),"") | B28: =IFERROR(FILTER(Daily!$F$2:$F,Daily!$C$2:$C=$B$5),"") | C28: =IFERROR(FILTER(Daily!$H$2:$H,Daily!$C$2:$C=$B$5),"") | D28: =IFERROR(FILTER(Daily!$P$2:$P,Daily!$C$2:$C=$B$5),"") | E28: =IFERROR(FILTER(Daily!$Q$2:$Q,Daily!$C$2:$C=$B$5),"") | G28: =IFERROR(FILTER(Answers!$H$2:$H,Answers!$D$2:$D=$B$5,Answers!$O$2:$O=FALSE),"") | H28: =IFERROR(FILTER(Answers!$R$2:$R,Answers!$D$2:$D=$B$5,Answers!$O$2:$O=FALSE),"")

Sheet ภาพรวม
A1: ภาพรวมทีม
A3: ทีม | B3: สมาชิก | C3: เคยเล่น | D3: คะแนนรวมทุกคน | E3: โบนัสทีม | F3: คะแนนทีม
A4: FAC | B4: =COUNTIFS(People!$C$2:$C,$A4) | C4: =COUNTIFS(People!$C$2:$C,$A4,People!$F$2:$F,">0") | D4: =SUMIFS(People!$D$2:$D,People!$C$2:$C,$A4) | E4: ='ตั้งค่า'!E5 | F4: =IF($B4=0,$E4,$D4/$B4+$E4)
A5: WH | B5: =COUNTIFS(People!$C$2:$C,$A5) | C5: =COUNTIFS(People!$C$2:$C,$A5,People!$F$2:$F,">0") | D5: =SUMIFS(People!$D$2:$D,People!$C$2:$C,$A5) | E5: ='ตั้งค่า'!E6 | F5: =IF($B5=0,$E5,$D5/$B5+$E5)
A6: SAMYAN | B6: =COUNTIFS(People!$C$2:$C,$A6) | C6: =COUNTIFS(People!$C$2:$C,$A6,People!$F$2:$F,">0") | D6: =SUMIFS(People!$D$2:$D,People!$C$2:$C,$A6) | E6: ='ตั้งค่า'!E7 | F6: =IF($B6=0,$E6,$D6/$B6+$E6)
A9: ผลรายบท (ทุกคน)
A10: เล่ม | B10: บท | C10: ตอบ | D10: ถูก | E10: % ถูก
A11: 1 | B11: 1 | C11: =COUNTIFS(Answers!$I$2:$I,$A11,Answers!$J$2:$J,$B11) | D11: =COUNTIFS(Answers!$I$2:$I,$A11,Answers!$J$2:$J,$B11,Answers!$O$2:$O,TRUE) | E11: =IF($C11=0,"",$D11/$C11)
A12: 1 | B12: 2 | C12: =COUNTIFS(Answers!$I$2:$I,$A12,Answers!$J$2:$J,$B12) | D12: =COUNTIFS(Answers!$I$2:$I,$A12,Answers!$J$2:$J,$B12,Answers!$O$2:$O,TRUE) | E12: =IF($C12=0,"",$D12/$C12)
A13: 1 | B13: 3 | C13: =COUNTIFS(Answers!$I$2:$I,$A13,Answers!$J$2:$J,$B13) | D13: =COUNTIFS(Answers!$I$2:$I,$A13,Answers!$J$2:$J,$B13,Answers!$O$2:$O,TRUE) | E13: =IF($C13=0,"",$D13/$C13)
A14: 1 | B14: 4 | C14: =COUNTIFS(Answers!$I$2:$I,$A14,Answers!$J$2:$J,$B14) | D14: =COUNTIFS(Answers!$I$2:$I,$A14,Answers!$J$2:$J,$B14,Answers!$O$2:$O,TRUE) | E14: =IF($C14=0,"",$D14/$C14)
A15: 1 | B15: 5 | C15: =COUNTIFS(Answers!$I$2:$I,$A15,Answers!$J$2:$J,$B15) | D15: =COUNTIFS(Answers!$I$2:$I,$A15,Answers!$J$2:$J,$B15,Answers!$O$2:$O,TRUE) | E15: =IF($C15=0,"",$D15/$C15)
A16: 2 | B16: 1 | C16: =COUNTIFS(Answers!$I$2:$I,$A16,Answers!$J$2:$J,$B16) | D16: =COUNTIFS(Answers!$I$2:$I,$A16,Answers!$J$2:$J,$B16,Answers!$O$2:$O,TRUE) | E16: =IF($C16=0,"",$D16/$C16)
A17: 2 | B17: 2 | C17: =COUNTIFS(Answers!$I$2:$I,$A17,Answers!$J$2:$J,$B17) | D17: =COUNTIFS(Answers!$I$2:$I,$A17,Answers!$J$2:$J,$B17,Answers!$O$2:$O,TRUE) | E17: =IF($C17=0,"",$D17/$C17)
A18: 2 | B18: 3 | C18: =COUNTIFS(Answers!$I$2:$I,$A18,Answers!$J$2:$J,$B18) | D18: =COUNTIFS(Answers!$I$2:$I,$A18,Answers!$J$2:$J,$B18,Answers!$O$2:$O,TRUE) | E18: =IF($C18=0,"",$D18/$C18)
A19: 2 | B19: 4 | C19: =COUNTIFS(Answers!$I$2:$I,$A19,Answers!$J$2:$J,$B19) | D19: =COUNTIFS(Answers!$I$2:$I,$A19,Answers!$J$2:$J,$B19,Answers!$O$2:$O,TRUE) | E19: =IF($C19=0,"",$D19/$C19)
A20: 2 | B20: 5 | C20: =COUNTIFS(Answers!$I$2:$I,$A20,Answers!$J$2:$J,$B20) | D20: =COUNTIFS(Answers!$I$2:$I,$A20,Answers!$J$2:$J,$B20,Answers!$O$2:$O,TRUE) | E20: =IF($C20=0,"",$D20/$C20)
A22: คนเล่นรายวัน
A23: วันที่ | B23: FAC | C23: WH | D23: SAMYAN
A24: =IFERROR(SORT(UNIQUE(Daily!$A$2:$A)),"") | B24: =ARRAYFORMULA(IF(A24:A="","",COUNTIFS(Daily!A2:A,A24:A,Daily!E2:E,B23))) | C24: =ARRAYFORMULA(IF(A24:A="","",COUNTIFS(Daily!A2:A,A24:A,Daily!E2:E,C23))) | D24: =ARRAYFORMULA(IF(A24:A="","",COUNTIFS(Daily!A2:A,A24:A,Daily!E2:E,D23)))

Sheet รายข้อ
A1: รหัสคำถาม | B1: เล่ม | C1: บท | D1: ตอบ | E1: ถูก | F1: % ผิด | G1: หมายเหตุ
A2: =IFERROR(SORT(UNIQUE(Answers!$H$2:$H)),"") | B2: =ARRAYFORMULA(IF(A2:A="","",XLOOKUP(A2:A,Answers!H2:H,Answers!I2:I))) | C2: =ARRAYFORMULA(IF(A2:A="","",XLOOKUP(A2:A,Answers!H2:H,Answers!J2:J))) | D2: =ARRAYFORMULA(IF(A2:A="","",COUNTIFS(Answers!H2:H,A2:A))) | E2: =ARRAYFORMULA(IF(A2:A="","",COUNTIFS(Answers!H2:H,A2:A,Answers!O2:O,TRUE))) | F2: =ARRAYFORMULA(IF((A2:A="")+(D2:D=0),"",1-E2:E/D2:D)) | G2: =ARRAYFORMULA(IF(F2:F="","",IF((D2:D>='ตั้งค่า'!E3)*(F2:F>'ตั้งค่า'!E2),"ควรทบทวน","")))

Sheet Answers
A1: ตอบเมื่อ | B1: วันที่ | C1: สัปดาห์ | D1: user_id | E1: ชื่อ | F1: ทีม | G1: ข้อที่ | H1: รหัสคำถาม | I1: เล่ม | J1: บท | K1: ระดับ | L1: golden | M1: ตอบ | N1: เฉลย | O1: ถูก | P1: ครั้งที่เจอข้อนี้ | Q1: เวลาที่ใช้ (วิ) | R1: รูปแบบ
A2: 46335.566 | B2: 46335 | C2: 1 | D2: U-DEMO-01 | E2: สมชาย ใจดี | F2: FAC | G2: 1 | H2: C1-005 | I2: 1 | J2: 1 | K2: ยาก | L2: FALSE | M2: ง | N2: ก | O2: FALSE | P2: 1 | Q2: 36 | R2: =ARRAYFORMULA(IF(D2:D="","",IF(P2:P<=1,"ครั้งแรก",IF(COUNTIFS(D2:D,D2:D,H2:H,H2:H,P2:P,P2:P-1,O2:O,FALSE)>0,IF(O2:O,"ผิด→ถูก","ผิดซ้ำ"),IF(O2:O,"ถูกซ้ำ","ถูก→ผิด")))))
A3: 46335.567 | B3: 46335 | C3: 1 | D3: U-DEMO-01 | E3: สมชาย ใจดี | F3: FAC | G3: 2 | H3: C1-006 | I3: 1 | J3: 1 | K3: ง่าย | L3: FALSE | M3: ง | N3: ง | O3: TRUE | P3: 1 | Q3: 39
A4: 46335.567 | B4: 46335 | C4: 1 | D4: U-DEMO-01 | E4: สมชาย ใจดี | F4: FAC | G4: 3 | H4: C2-010 | I4: 1 | J4: 2 | K4: ยาก | L4: FALSE | M4: ข | N4: ข | O4: TRUE | P4: 1 | Q4: 15
A5: 46335.568 | B5: 46335 | C5: 1 | D5: U-DEMO-01 | E5: สมชาย ใจดี | F5: FAC | G5: 4 | H5: C1-001 | I5: 1 | J5: 1 | K5: ง่าย | L5: FALSE | M5: ก | N5: ก | O5: TRUE | P5: 1 | Q5: 36
A6: 46335.568 | B6: 46335 | C6: 1 | D6: U-DEMO-01 | E6: สมชาย ใจดี | F6: FAC | G6: 5 | H6: C1-011 | I6: 1 | J6: 1 | K6: ง่าย | L6: FALSE | M6: ค | N6: ก | O6: FALSE | P6: 1 | Q6: 25
A7: 46336.373 | B7: 46336 | C7: 1 | D7: U-DEMO-01 | E7: สมชาย ใจดี | F7: FAC | G7: 1 | H7: C1-005 | I7: 1 | J7: 1 | K7: ยาก | L7: FALSE | M7: ง | N7: ง | O7: TRUE | P7: 2 | Q7: 43
A8: 46336.373 | B8: 46336 | C8: 1 | D8: U-DEMO-01 | E8: สมชาย ใจดี | F8: FAC | G8: 2 | H8: C1-011 | I8: 1 | J8: 1 | K8: ง่าย | L8: FALSE | M8: ข | N8: ข | O8: TRUE | P8: 2 | Q8: 39
A9: 46336.374 | B9: 46336 | C9: 1 | D9: U-DEMO-01 | E9: สมชาย ใจดี | F9: FAC | G9: 3 | H9: C1-003 | I9: 1 | J9: 1 | K9: กลาง | L9: FALSE | M9: ง | N9: ก | O9: FALSE | P9: 1 | Q9: 12
A10: 46336.374 | B10: 46336 | C10: 1 | D10: U-DEMO-01 | E10: สมชาย ใจดี | F10: FAC | G10: 4 | H10: C1-009 | I10: 1 | J10: 1 | K10: กลาง | L10: FALSE | M10: ข | N10: ข | O10: TRUE | P10: 1 | Q10: 24
A11: 46336.375 | B11: 46336 | C11: 1 | D11: U-DEMO-01 | E11: สมชาย ใจดี | F11: FAC | G11: 5 | H11: C1-007 | I11: 1 | J11: 1 | K11: ง่าย | L11: TRUE | M11: ก | N11: ก | O11: TRUE | P11: 1 | Q11: 20
A12: 46337.444 | B12: 46337 | C12: 1 | D12: U-DEMO-01 | E12: สมชาย ใจดี | F12: FAC | G12: 1 | H12: C1-003 | I12: 1 | J12: 1 | K12: กลาง | L12: FALSE | M12: ก | N12: ก | O12: TRUE | P12: 2 | Q12: 15
A13: 46337.444 | B13: 46337 | C13: 1 | D13: U-DEMO-01 | E13: สมชาย ใจดี | F13: FAC | G13: 2 | H13: C2-006 | I13: 1 | J13: 2 | K13: ง่าย | L13: FALSE | M13: ข | N13: ข | O13: TRUE | P13: 1 | Q13: 29
A14: 46337.444 | B14: 46337 | C14: 1 | D14: U-DEMO-01 | E14: สมชาย ใจดี | F14: FAC | G14: 3 | H14: C1-007 | I14: 1 | J14: 1 | K14: ง่าย | L14: TRUE | M14: ก | N14: ก | O14: TRUE | P14: 2 | Q14: 19
... A116: 46342.631 | B116: 46342 | C116: 2 | D116: U-DEMO-06 | E116: อรทัย สุขสันต์ | F116: SAMYAN | G116: 5 | H116: C4-009 | I116: 1 | J116: 4 | K116: กลาง | L116: FALSE | M116: ค | N116: ง | O116: FALSE | P116: 1 | Q116: 14

Sheet Daily
A1: วันที่ | B1: สัปดาห์ | C1: user_id | D1: ชื่อ | E1: ทีม | F1: ควิซถูก (ข้อ) | G1: ได้เล่นเกม | H1: เกม | I1: เวลาเกม (วิ) | J1: คะแนนเกมดิบ 1–5 | K1: ตัวคูณ | L1: Double Point | M1: Golden (+) | N1: โบนัสรายคน | O1: ชื่อโบนัส | P1: คะแนนเกม | Q1: รวมวัน
A2: 46335 | B2: 1 | C2: U-DEMO-01 | D2: สมชาย ใจดี | E2: FAC | F2: 3 | G2: TRUE | H2: ตบใบชา | I2: 15 | J2: 3 | K2: 1.5 | L2: FALSE | M2: 0 | N2: 0 | P2: =ARRAYFORMULA(IF(C2:C="","",IF(G2:G,ROUNDUP(J2:J*K2:K,0),0))) | Q2: =ARRAYFORMULA(IF(C2:C="","",(F2:F+P2:P)*IF(L2:L,2,1)+M2:M+N2:N))
A3: 46336 | B3: 1 | C3: U-DEMO-01 | D3: สมชาย ใจดี | E3: FAC | F3: 4 | G3: TRUE | H3: ตบใบชา | I3: 15 | J3: 2 | K3: 1.5 | L3: FALSE | M3: 0 | N3: 0
A4: 46337 | B4: 1 | C4: U-DEMO-01 | D4: สมชาย ใจดี | E4: FAC | F4: 4 | G4: TRUE | H4: ตบใบชา | I4: 15 | J4: 2 | K4: 1.5 | L4: FALSE | M4: 0 | N4: 0
A5: 46342 | B5: 2 | C5: U-DEMO-01 | D5: สมชาย ใจดี | E5: FAC | F5: 4 | G5: TRUE | H5: ตบใบชา | I5: 15 | J5: 4 | K5: 1.5 | L5: FALSE | M5: 0 | N5: 0
A6: 46335 | B6: 1 | C6: U-DEMO-02 | D6: สมหญิง รักอ่าน | E6: FAC | F6: 4 | G6: TRUE | H6: ตบใบชา | I6: 15 | J6: 2 | K6: 1.5 | L6: FALSE | M6: 0 | N6: 0
A7: 46336 | B7: 1 | C7: U-DEMO-02 | D7: สมหญิง รักอ่าน | E7: FAC | F7: 3 | G7: TRUE | H7: หาช่องสีเพี้ยน | I7: 15 | J7: 2 | K7: 1.5 | L7: FALSE | M7: 0 | N7: 0
A8: 46337 | B8: 1 | C8: U-DEMO-02 | D8: สมหญิง รักอ่าน | E8: FAC | F8: 3 | G8: TRUE | H8: หาช่องสีเพี้ยน | I8: 15 | J8: 3 | K8: 1.5 | L8: FALSE | M8: 0 | N8: 0
A9: 46338 | B9: 1 | C9: U-DEMO-02 | D9: สมหญิง รักอ่าน | E9: FAC | F9: 4 | G9: TRUE | H9: หาช่องสีเพี้ยน | I9: 15 | J9: 2 | K9: 1.5 | L9: FALSE | M9: 0 | N9: 0
A10: 46342 | B10: 2 | C10: U-DEMO-02 | D10: สมหญิง รักอ่าน | E10: FAC | F10: 2 | G10: FALSE | I10: 0 | J10: 0 | K10: 0 | L10: FALSE | M10: 0 | N10: 0
A11: 46336 | B11: 1 | C11: U-DEMO-03 | D11: วีระ กล้าหาญ | E11: WH | F11: 3 | G11: TRUE | H11: ตบใบชา | I11: 15 | J11: 4 | K11: 1.5 | L11: FALSE | M11: 0 | N11: 0
A12: 46337 | B12: 1 | C12: U-DEMO-03 | D12: วีระ กล้าหาญ | E12: WH | F12: 4 | G12: TRUE | H12: หาช่องสีเพี้ยน | I12: 15 | J12: 4 | K12: 1.5 | L12: FALSE | M12: 0 | N12: 0
A13: 46338 | B13: 1 | C13: U-DEMO-03 | D13: วีระ กล้าหาญ | E13: WH | F13: 2 | G13: FALSE | I13: 0 | J13: 0 | K13: 0 | L13: FALSE | M13: 0 | N13: 0
A14: 46342 | B14: 2 | C14: U-DEMO-03 | D14: วีระ กล้าหาญ | E14: WH | F14: 3 | G14: TRUE | H14: หาช่องสีเพี้ยน | I14: 15 | J14: 3 | K14: 1.5 | L14: FALSE | M14: 0 | N14: 0
A15: 46336 | B15: 1 | C15: U-DEMO-04 | D15: มาลี ตั้งใจ | E15: WH | F15: 3 | G15: TRUE | H15: หาช่องสีเพี้ยน | I15: 15 | J15: 4 | K15: 1.5 | L15: FALSE | M15: 0 | N15: 0
A16: 46337 | B16: 1 | C16: U-DEMO-04 | D16: มาลี ตั้งใจ | E16: WH | F16: 5 | G16: TRUE | H16: ตบใบชา | I16: 20 | J16: 3 | K16: 2 | L16: FALSE | M16: 0 | N16: 0
A17: 46338 | B17: 1 | C17: U-DEMO-04 | D17: มาลี ตั้งใจ | E17: WH | F17: 4 | G17: TRUE | H17: ตบใบชา | I17: 15 | J17: 3 | K17: 1.5 | L17: FALSE | M17: 0 | N17: 0
A18: 46342 | B18: 2 | C18: U-DEMO-04 | D18: มาลี ตั้งใจ | E18: WH | F18: 3 | G18: TRUE | H18: ตบใบชา | I18: 15 | J18: 2 | K18: 1.5 | L18: FALSE | M18: 0 | N18: 0
A19: 46335 | B19: 1 | C19: U-DEMO-05 | D19: ปิยะ ขยันดี | E19: SAMYAN | F19: 5 | G19: TRUE | H19: หาช่องสีเพี้ยน | I19: 20 | J19: 2 | K19: 2 | L19: FALSE | M19: 0 | N19: 0
A20: 46337 | B20: 1 | C20: U-DEMO-05 | D20: ปิยะ ขยันดี | E20: SAMYAN | F20: 5 | G20: TRUE | H20: หาช่องสีเพี้ยน | I20: 20 | J20: 5 | K20: 2 | L20: FALSE | M20: 0 | N20: 0
A21: 46338 | B21: 1 | C21: U-DEMO-05 | D21: ปิยะ ขยันดี | E21: SAMYAN | F21: 4 | G21: TRUE | H21: หาช่องสีเพี้ยน | I21: 15 | J21: 5 | K21: 1.5 | L21: FALSE | M21: 0 | N21: 0
A22: 46337 | B22: 1 | C22: U-DEMO-06 | D22: อรทัย สุขสันต์ | E22: SAMYAN | F22: 2 | G22: FALSE | I22: 0 | J22: 0 | K22: 0 | L22: FALSE | M22: 0 | N22: 0
A23: 46338 | B23: 1 | C23: U-DEMO-06 | D23: อรทัย สุขสันต์ | E23: SAMYAN | F23: 3 | G23: TRUE | H23: ตบใบชา | I23: 15 | J23: 4 | K23: 1.5 | L23: FALSE | M23: 0 | N23: 0
A24: 46342 | B24: 2 | C24: U-DEMO-06 | D24: อรทัย สุขสันต์ | E24: SAMYAN | F24: 1 | G24: FALSE | I24: 0 | J24: 0 | K24: 0 | L24: FALSE | M24: 0 | N24: 0

Sheet People
A1: user_id | B1: ชื่อ | C1: ทีม | D1: คะแนนรวม | E1: แรงค์ | F1: วันที่เล่น | G1: ตอบทั้งหมด | H1: ตอบถูก | I1: % ถูก | J1: ถูกเฉลี่ย/วัน | K1: ได้เล่นเกม (วัน) | L1: ผิด→ถูก | M1: ผิดซ้ำ | N1: ถูก→ผิด | O1: เล่นล่าสุด
A2: U-DEMO-01 | B2: สมชาย ใจดี | C2: FAC | D2: =ARRAYFORMULA(IF(A2:A="","",SUMIFS(Daily!Q2:Q,Daily!C2:C,A2:A))) | E2: =ARRAYFORMULA(IF(A2:A="","",LOOKUP(D2:D,'ตั้งค่า'!B2:B9,'ตั้งค่า'!A2:A9))) | F2: =ARRAYFORMULA(IF(A2:A="","",COUNTIFS(Daily!C2:C,A2:A))) | G2: =ARRAYFORMULA(IF(A2:A="","",COUNTIFS(Answers!D2:D,A2:A))) | H2: =ARRAYFORMULA(IF(A2:A="","",COUNTIFS(Answers!D2:D,A2:A,Answers!O2:O,TRUE))) | I2: =ARRAYFORMULA(IF(A2:A="","",IF(G2:G=0,0,H2:H/G2:G))) | J2: =ARRAYFORMULA(IF(A2:A="","",IF(F2:F=0,0,H2:H/F2:F))) | K2: =ARRAYFORMULA(IF(A2:A="","",COUNTIFS(Daily!C2:C,A2:A,Daily!G2:G,TRUE))) | L2: =ARRAYFORMULA(IF(A2:A="","",COUNTIFS(Answers!D2:D,A2:A,Answers!R2:R,L1))) | M2: =ARRAYFORMULA(IF(A2:A="","",COUNTIFS(Answers!D2:D,A2:A,Answers!R2:R,M1))) | N2: =ARRAYFORMULA(IF(A2:A="","",COUNTIFS(Answers!D2:D,A2:A,Answers!R2:R,N1))) | O2: =BYROW(A2:A,LAMBDA(u,IF(u="","",MAXIFS(Daily!A2:A,Daily!C2:C,u))))
A3: U-DEMO-02 | B3: สมหญิง รักอ่าน | C3: FAC
A4: U-DEMO-03 | B4: วีระ กล้าหาญ | C4: WH
A5: U-DEMO-04 | B5: มาลี ตั้งใจ | C5: WH
A6: U-DEMO-05 | B6: ปิยะ ขยันดี | C6: SAMYAN
A7: U-DEMO-06 | B7: อรทัย สุขสันต์ | C7: SAMYAN

Sheet Survey
A1: ส่งเมื่อ | B1: user_id | C1: ชื่อ | D1: ทีม | E1: คำถาม 1 | F1: คำถาม 2 | G1: คำถาม 3 | H1: ความเห็นเพิ่มเติม

Sheet ตั้งค่า
A1: แรงค์ | B1: คะแนนขั้นต่ำ | D1: ค่าตั้งต้น | E1: ค่า
A2: E | B2: 0 | D2: ข้อควรทบทวน: % ตอบผิดมากกว่า | E2: 0.5
A3: D | B3: 20 | D3: ข้อควรทบทวน: ต้องมีคนตอบอย่างน้อย (ครั้ง) | E3: 5
A4: C | B4: 50 | D4: All-In: % คนเล่นในสัปดาห์ | E4: 0.8
A5: B | B5: 90 | D5: โบนัสทีมสะสม FAC | E5: 0
A6: A | B6: 140 | D6: โบนัสทีมสะสม WH | E6: 0
A7: S | B7: 200 | D7: โบนัสทีมสะสม SAMYAN | E7: 0
A8: SSS | B8: 270
A9: Legendary | B9: 350
