Workbook

Sheet สรุป
A1: คลังคำถาม บทที่ 1 · Caring (ห่วงใย ใส่ใจ)
A2: ระบบจะดึงเฉพาะข้อที่สถานะ "ผ่าน" ไปใช้ · สุ่มต่อครั้ง ง่าย 2 · กลาง 2 · ยาก 1
A4: ระดับ | B4: ทั้งหมด | C4: ผ่าน | D4: รอตรวจ | E4: ต้องแก้ | F4: ตัดทิ้ง | G4: โควต้าต่อครั้ง
A5: ง่าย | B5: =COUNTIFS(คลังคำถาม!$C:$C,$A5) -> 24 | C5: =COUNTIFS(คลังคำถาม!$C:$C,$A5,คลังคำถาม!$L:$L,"ผ่าน") -> 0 | D5: =COUNTIFS(คลังคำถาม!$C:$C,$A5,คลังคำถาม!$L:$L,"รอตรวจ") -> 24 | E5: =COUNTIFS(คลังคำถาม!$C:$C,$A5,คลังคำถาม!$L:$L,"ต้องแก้") -> 0 | F5: =COUNTIFS(คลังคำถาม!$C:$C,$A5,คลังคำถาม!$L:$L,"ตัดทิ้ง") -> 0 | G5: 2
A6: กลาง | B6: =COUNTIFS(คลังคำถาม!$C:$C,$A6) -> 24 | C6: =COUNTIFS(คลังคำถาม!$C:$C,$A6,คลังคำถาม!$L:$L,"ผ่าน") -> 0 | D6: =COUNTIFS(คลังคำถาม!$C:$C,$A6,คลังคำถาม!$L:$L,"รอตรวจ") -> 24 | E6: =COUNTIFS(คลังคำถาม!$C:$C,$A6,คลังคำถาม!$L:$L,"ต้องแก้") -> 0 | F6: =COUNTIFS(คลังคำถาม!$C:$C,$A6,คลังคำถาม!$L:$L,"ตัดทิ้ง") -> 0 | G6: 2
A7: ยาก | B7: =COUNTIFS(คลังคำถาม!$C:$C,$A7) -> 12 | C7: =COUNTIFS(คลังคำถาม!$C:$C,$A7,คลังคำถาม!$L:$L,"ผ่าน") -> 0 | D7: =COUNTIFS(คลังคำถาม!$C:$C,$A7,คลังคำถาม!$L:$L,"รอตรวจ") -> 12 | E7: =COUNTIFS(คลังคำถาม!$C:$C,$A7,คลังคำถาม!$L:$L,"ต้องแก้") -> 0 | F7: =COUNTIFS(คลังคำถาม!$C:$C,$A7,คลังคำถาม!$L:$L,"ตัดทิ้ง") -> 0 | G7: 1
A8: รวม | B8: =SUM(B5:B7) -> 60 | C8: =SUM(C5:C7) -> 0 | D8: =SUM(D5:D7) -> 60 | E8: =SUM(E5:E7) -> 0 | F8: =SUM(F5:F7) -> 0 | G8: =SUM(G5:G7) -> 5
A10: หัวข้อย่อย | B10: ง่าย | C10: กลาง | D10: ยาก | E10: รวม | F10: ผ่าน
A11: เดือดร้อนแทนลูกค้า | B11: =COUNTIFS(คลังคำถาม!$D:$D,$A11,คลังคำถาม!$C:$C,"ง่าย") -> 7 | C11: =COUNTIFS(คลังคำถาม!$D:$D,$A11,คลังคำถาม!$C:$C,"กลาง") -> 7 | D11: =COUNTIFS(คลังคำถาม!$D:$D,$A11,คลังคำถาม!$C:$C,"ยาก") -> 2 | E11: =SUM(B11:D11) -> 16 | F11: =COUNTIFS(คลังคำถาม!$D:$D,$A11,คลังคำถาม!$L:$L,"ผ่าน") -> 0
A12: ตัวเลข vs คน | B12: =COUNTIFS(คลังคำถาม!$D:$D,$A12,คลังคำถาม!$C:$C,"ง่าย") -> 5 | C12: =COUNTIFS(คลังคำถาม!$D:$D,$A12,คลังคำถาม!$C:$C,"กลาง") -> 4 | D12: =COUNTIFS(คลังคำถาม!$D:$D,$A12,คลังคำถาม!$C:$C,"ยาก") -> 3 | E12: =SUM(B12:D12) -> 12 | F12: =COUNTIFS(คลังคำถาม!$D:$D,$A12,คลังคำถาม!$L:$L,"ผ่าน") -> 0
A13: ห่วงเพื่อนที่ทำงานต่อ | B13: =COUNTIFS(คลังคำถาม!$D:$D,$A13,คลังคำถาม!$C:$C,"ง่าย") -> 5 | C13: =COUNTIFS(คลังคำถาม!$D:$D,$A13,คลังคำถาม!$C:$C,"กลาง") -> 5 | D13: =COUNTIFS(คลังคำถาม!$D:$D,$A13,คลังคำถาม!$C:$C,"ยาก") -> 2 | E13: =SUM(B13:D13) -> 12 | F13: =COUNTIFS(คลังคำถาม!$D:$D,$A13,คลังคำถาม!$L:$L,"ผ่าน") -> 0
A14: ตัดสินใจเองอย่างรับผิดชอบ | B14: =COUNTIFS(คลังคำถาม!$D:$D,$A14,คลังคำถาม!$C:$C,"ง่าย") -> 3 | C14: =COUNTIFS(คลังคำถาม!$D:$D,$A14,คลังคำถาม!$C:$C,"กลาง") -> 3 | D14: =COUNTIFS(คลังคำถาม!$D:$D,$A14,คลังคำถาม!$C:$C,"ยาก") -> 3 | E14: =SUM(B14:D14) -> 9 | F14: =COUNTIFS(คลังคำถาม!$D:$D,$A14,คลังคำถาม!$L:$L,"ผ่าน") -> 0
A15: ถามตัวเองก่อนตัดสินใจ | B15: =COUNTIFS(คลังคำถาม!$D:$D,$A15,คลังคำถาม!$C:$C,"ง่าย") -> 4 | C15: =COUNTIFS(คลังคำถาม!$D:$D,$A15,คลังคำถาม!$C:$C,"กลาง") -> 5 | D15: =COUNTIFS(คลังคำถาม!$D:$D,$A15,คลังคำถาม!$C:$C,"ยาก") -> 2 | E15: =SUM(B15:D15) -> 11 | F15: =COUNTIFS(คลังคำถาม!$D:$D,$A15,คลังคำถาม!$L:$L,"ผ่าน") -> 0
A16: รวม | B16: =SUM(B11:B15) -> 24 | C16: =SUM(C11:C15) -> 24 | D16: =SUM(D11:D15) -> 12 | E16: =SUM(E11:E15) -> 60 | F16: =SUM(F11:F15) -> 0
A18: การกระจายตำแหน่งข้อถูก | B18: ก | C18: ข | D18: ค | E18: ง
A19: จำนวนข้อ | B19: =COUNTIFS(คลังคำถาม!$J:$J,"ก") -> 15 | C19: =COUNTIFS(คลังคำถาม!$J:$J,"ข") -> 15 | D19: =COUNTIFS(คลังคำถาม!$J:$J,"ค") -> 15 | E19: =COUNTIFS(คลังคำถาม!$J:$J,"ง") -> 15
A21: วิธีตรวจ
A22: 1. อ่านคำถาม ตัวเลือก และคำอธิบาย เทียบกับเนื้อหาในหนังสือ
A23: 2. เปลี่ยนคอลัมน์ "สถานะตรวจ" เป็น ผ่าน / ต้องแก้ / ตัดทิ้ง (มี dropdown ให้เลือก)
A24: 3. ถ้าต้องแก้ เขียนสิ่งที่อยากเปลี่ยนไว้ในคอลัมน์ "หมายเหตุผู้ตรวจ"
A25: 4. ช่องที่แก้ได้: คำถาม · ก ข ค ง · ข้อถูก · คำอธิบาย · สถานะตรวจ · หมายเหตุ
A26: 5. ห้ามแก้คอลัมน์ "รหัส" เพราะระบบใช้ติดตามว่าใครเคยเจอข้อไหน
A28: หมายเหตุ: ระบบจะสลับลำดับตัวเลือก ก ข ค ง ให้แต่ละคนเห็นไม่เหมือนกัน ตำแหน่งในชีตจึงไม่ใช่ตำแหน่งที่พนักงานเห็นจริง
A29: คำอธิบายจะแสดงหลังพนักงานกดตอบทุกครั้ง ทั้งตอบถูกและตอบผิด ควรยาวไม่เกิน 2-3 บรรทัดบนมือถือ

Sheet คลังคำถาม
A1: รหัส | B1: บท | C1: ระดับ | D1: หัวข้อย่อย | E1: คำถาม | F1: ก | G1: ข | H1: ค | I1: ง | J1: ข้อถูก | K1: คำอธิบาย (แสดงหลังตอบ) | L1: สถานะตรวจ | M1: หมายเหตุผู้ตรวจ
A2: C1-001 | B2: 1 | C2: ง่าย | D2: เดือดร้อนแทนลูกค้า | E2: ในเรื่อง "กล่องที่ไม่ถึงมือ" คุณเจแจ้งปัญหาอะไรกับแม็กซ์ | F2: สินค้าที่ได้รับเป็นรสชาติผิด | G2: ของยังไม่มาถึงร้าน ทั้งที่พรุ่งนี้เช้าจะเปิดสาขาใหม่ | H2: ขอเลื่อนวันส่งของออกไปก่อน | I2: ขอเปลี่ยนจำนวนที่สั่งจาก 12 ลังเป็น 6 ลัง | J2: ข | K2: คุณเจสั่ง Garden Tonics 12 ลังสำหรับวันเปิดสาขาใหม่ที่ทองหล่อ ระบบขนส่งขึ้นว่าส่งถึงแล้ว แต่ของไม่มาถึงร้าน และร้านจะเปิด 8 โมงเช้า | L2: รอตรวจ
A3: C1-002 | B3: 1 | C3: ง่าย | D3: ตัวเลข vs คน | E3: ทำไมบอมถึงมองว่าเรื่องของคุณเจ "ปิดได้แล้ว" | F3: เพราะคุณเจเป็นลูกค้ารายเล็ก | G3: เพราะแม็กซ์ไม่มีสิทธิ์ส่งของใหม่ | H3: เพราะคลังไม่มีของเหลือให้ส่ง | I3: เพราะของออกจากคลังครบ เอกสารครบ และระบบขึ้นว่าส่งถึงแล้ว | J3: ง | K3: บอมพูดถูกในแง่ตัวเลขและขั้นตอน ของออกจากเราครบทุกอย่าง แต่ในเรื่องนี้ มุมนั้นยังไม่ได้มองถึงคนที่กำลังเดือดร้อนอยู่จริง | L3: รอตรวจ
A4: C1-003 | B4: 1 | C4: ง่าย | D4: เดือดร้อนแทนลูกค้า | E4: อะไรทำให้แม็กซ์เปลี่ยนใจ ไม่ตอบคุณเจไปตามที่บอมแนะนำ | F4: เขานึกภาพพรุ่งนี้เช้าที่คุณเจยืนหน้าร้านใหม่ แต่ชั้นวางว่างเปล่า | G4: เขากลัวว่าจะโดนหัวหน้าตำหนิ | H4: เขาอยากทำยอดขายเพิ่มในเดือนนี้ | I4: ขนส่งโทรมายอมรับผิดพอดี | J4: ก | K4: แม็กซ์นึกถึงความเดือดร้อนของคุณเจที่เพิ่งลงทุนเปิดร้านไปหลายแสน นี่คือหัวใจของ Caring คือรู้สึกเดือดร้อนแทนลูกค้า | L4: รอตรวจ
A5: C1-004 | B5: 1 | C5: ง่าย | D5: เดือดร้อนแทนลูกค้า | E5: ตามที่ handbook เขียนไว้ในบทนี้ ถ้าเราส่งของไปแล้วลูกค้าแจ้งว่าไม่ได้รับ เราควรทำอย่างไร | F5: ส่งของใหม่ให้ลูกค้าก่อน แล้วค่อยไปเคลียร์กับขนส่งเองทีหลัง | G5: ให้ลูกค้าไปแจ้งขนส่งเอง เพราะเป็นความผิดของขนส่ง | H5: รอผลตรวจสอบจากขนส่งก่อน แล้วค่อยตัดสินใจ | I5: ขอหลักฐานจากลูกค้าก่อนว่าไม่ได้รับจริง | J5: ก | K5: บรรทัดนี้อยู่ใน handbook ที่พี่ดาราเปิดให้แม็กซ์ดู คือมองปัญหาของลูกค้าก่อน แล้วรับภาระเรื่องขนส่งมาจัดการเอง | L5: รอตรวจ
A6: C1-005 | B6: 1 | C6: ง่าย | D6: ห่วงเพื่อนที่ทำงานต่อ | E6: หลังจากสั่งส่งของด่วนรอบดึกแล้ว แม็กซ์ทำอะไรต่อ | F6: ลงไปช่วยพี่กบจัดของที่คลังจนเสร็จ | G6: กลับบ้านตามปกติ เพราะสั่งงานเรียบร้อยแล้ว | H6: โทรตามคนอื่นมาช่วยพี่กบแทน | I6: ส่งข้อความขอบคุณพี่กบแล้วกลับบ้าน | J6: ก | K6: แม็กซ์นึกได้ว่าคำสั่งของเขาทำให้พี่กบต้องอยู่คลังคนเดียวดึกๆ เลยลงไปช่วยยกของเอง | L6: รอตรวจ
A7: C1-006 | B7: 1 | C7: ง่าย | D7: ห่วงเพื่อนที่ทำงานต่อ | E7: ทำไมแม็กซ์ถึงลงไปช่วยพี่กบที่คลัง | F7: เพราะพี่ดาราสั่งให้ลงไปช่วย | G7: เพราะกลัวว่าพี่กบจะจัดของผิด | H7: เพราะอยากให้พี่วินเห็นว่าขยัน | I7: เพราะเขาเป็นคนตัดสินใจเอง แล้วทำให้พี่กบต้องอยู่คลังคนเดียวดึกๆ | J7: ง | K7: แม็กซ์บอกพี่กบว่า "เรื่องนี้ผมเป็นคนตัดสินใจเอง จะให้พี่อยู่คนเดียวดึกๆ ก็ไม่ได้" คือห่วงคนที่ต้องลำบากต่อจากการตัดสินใจของตัวเอง | L7: รอตรวจ
A8: C1-007 | B8: 1 | C8: ง่าย | D8: ถามตัวเองก่อนตัดสินใจ | E8: บทสรุปของ Caring แนะนำให้ถามตัวเองว่าอะไรก่อนตัดสินใจ | F8: หัวหน้าจะเห็นด้วยไหม | G8: ถ้าเราทำแบบนี้ ใครจะเดือดร้อนบ้าง | H8: ทำแบบนี้คุ้มทุนไหม | I8: เคยมีใครทำแบบนี้มาก่อนไหม | J8: ข | K8: นี่คือสิ่งที่บทนี้อยากให้จำไปใช้ แล้วเลือกทางที่ดูแลคนเหล่านั้น แม้บางครั้งตัวเลขระยะสั้นจะดูไม่สวย | L8: รอตรวจ
A9: C1-008 | B9: 1 | C9: ง่าย | D9: เดือดร้อนแทนลูกค้า | E9: หัวใจสั้นๆ ของ Caring คืออะไร | F9: พูดแล้วทำ | G9: แพ้ชนะทั้งทีม | H9: เดือดร้อนแทนคนอื่น | I9: I may be wrong | J9: ค | K9: Caring คือเดือดร้อนแทนคนอื่น ถามว่าลูกค้าจะลำบากไหม และเพื่อนที่ต้องทำงานต่อจะลำบากไหม ส่วนตัวเลือกอื่นเป็นหัวใจของ Trusted, Team และ Humble | L9: รอตรวจ
A10: C1-009 | B10: 1 | C10: ง่าย | D10: ห่วงเพื่อนที่ทำงานต่อ | E10: Caring ในบทนี้ครอบคลุมใครบ้าง | F10: เฉพาะลูกค้าเท่านั้น | G10: เฉพาะหัวหน้าและผู้บริหาร | H10: ทั้งลูกค้า และเพื่อนร่วมงานที่ต้องทำงานต่อจากเรา | I10: เฉพาะคู่ค้าที่ซื้อของกับเรา | J10: ค | K10: พี่ดาราบอกว่า Caring ไม่ได้มีแค่กับลูกค้า แต่รวมถึงเพื่อนที่ต้องลำบากเพราะงานที่เราโยนต่อไปให้เขาด้วย | L10: รอตรวจ
A11: C1-010 | B11: 1 | C11: ง่าย | D11: ตัวเลข vs คน | E11: แม็กซ์ยอมแลกอะไร เพื่อให้คุณเจมีของขายในวันเปิดร้าน | F11: margin ของลังนั้น และค่าส่งด่วนรอบดึกที่แพงกว่าปกติ 3 เท่า | G11: สัญญาระยะยาวกับบริษัทขนส่ง | H11: วันหยุดของตัวเองหนึ่งสัปดาห์ | I11: สินค้าที่จองไว้ให้ลูกค้ารายอื่น | J11: ก | K11: แม็กซ์เทียบแล้วว่า margin ลังเดียวที่อาจหายไป เทียบไม่ได้เลยกับวันเปิดร้านของลูกค้า | L11: รอตรวจ
A12: C1-011 | B12: 1 | C12: ง่าย | D12: ตัดสินใจเองอย่างรับผิดชอบ | E12: ตอน 1-on-1 พี่ดาราบอกแม็กซ์ว่าการตัดสินใจครั้งนี้เป็นอย่างไร | F12: เกินหน้าที่ ครั้งหน้าต้องขออนุมัติก่อนทุกครั้ง | G12: ไม่ได้เกินหน้าที่ แต่ตรงกับ value ของบริษัทเป๊ะ | H12: ถูกต้อง แต่ไม่ควรลงไปช่วยพี่กบ | I12: ถูกต้องเพียงเพราะคุณเจเป็นลูกค้ารายใหญ่ | J12: ข | K12: พี่ดาราเปิด handbook ให้ดูว่าสิ่งที่แม็กซ์ทำตรงกับที่บริษัทเขียนไว้ เขาเลือกดูแลคนที่เดือดร้อนจริงก่อน margin ลังเดียว | L12: รอตรวจ
A13: C1-012 | B13: 1 | C13: ง่าย | D13: ตัดสินใจเองอย่างรับผิดชอบ | E13: เมื่อพี่วินเห็นค่าส่งด่วนที่ยังไม่ได้อนุมัติในรายงาน พี่วินว่าอย่างไร | F13: ให้แม็กซ์จ่ายค่าส่งส่วนนี้เอง | G13: แม็กซ์เลือกถูกแล้ว และอยากให้ทุกคนตัดสินใจแบบนี้ตอนที่ไม่มีใครสั่ง | H13: ให้พี่ดาราตักเตือนแม็กซ์ | I13: ให้ไปเรียกเก็บเงินคืนจากขนส่ง | J13: ข | K13: พี่วินบอกว่าไม่ต้องรับผิดชอบหรอก ค่าส่งสามเท่าของลังเดียว เทียบกับวันเปิดร้านของลูกค้า แม็กซ์เลือกถูกแล้ว | L13: รอตรวจ
... A61: C1-060 | B61: 1 | C61: ยาก | D61: ถามตัวเองก่อนตัดสินใจ | E61: ถ้าเราตัดสินใจโดยถามแค่ว่า "ถูกตามระบบหรือยัง" แต่ไม่ถามว่า "ใครจะเดือดร้อน" ความเสี่ยงคืออะไร | F61: เราอาจปิดงานได้ครบทุกขั้นตอน แต่ปล่อยให้คนที่อยู่ปลายทางลำบากโดยที่เราไม่รู้ตัว | G61: งานจะช้าลง เพราะต้องตรวจสอบเยอะขึ้น | H61: เราจะโดนฝ่ายบัญชีตรวจสอบย้อนหลัง | I61: ระบบจะแจ้งเตือนผิดพลาดบ่อยขึ้น | J61: ก | K61: นี่คือสิ่งที่เกือบเกิดกับแม็กซ์ ระบบขึ้นว่าส่งถึงแล้ว ทุกขั้นตอนถูกหมด แต่คุณเจกำลังจะเปิดร้านโดยไม่มีของขาย | L61: รอตรวจ
